chamber_info_centrality,treatment,name,day,time,week,subset,colony,chamber_id
0.148894468101855,SHAM,R1C1SK_WED,WED,24,1,1,1,R1C1SK_15
0.389472689350098,SHAM,R1C1SK_THU,THU,48,1,1,1,R1C1SK_15
0.194589696893202,SHAM,R1C1SK_FRI,FRI,72,1,1,1,R1C1SK_15
0.453743893177363,SHAM,R1C1SK_MON,MON,144,1,1,1,R1C1SK_15
0.371455234015957,PATHOGEN,R1C2PM_TUE,TUE,0,1,2,1,R1C2PM_16
0.14372146225956,PATHOGEN,R1C2PM_TUE,TUE,0,1,2,1,R1C2PM_33
0.196231988571545,PATHOGEN,R1C2PM_TUE,TUE,0,1,2,1,R1C2PM_7
0.196231988571545,PATHOGEN,R1C2PM_TUE,TUE,0,1,2,1,R1C2PM_14
0.125300558336576,PATHOGEN,R1C2PM_WED,WED,24,1,2,1,R1C2PM_4
0.100506161409583,PATHOGEN,R1C2PM_WED,WED,24,1,2,1,R1C2PM_14
0.37538287435601,PATHOGEN,R1C2PM_THU,THU,48,1,2,1,R1C2PM_145
0.064532081745074,PATHOGEN,R1C2PM_THU,THU,48,1,2,1,R1C2PM_180
0.109612540379129,PATHOGEN,R1C2PM_FRI,FRI,72,1,2,1,R1C2PM_248
0.15167610575882,PATHOGEN,R1C2PM_FRI,FRI,72,1,2,1,R1C2PM_245
0.308383703743353,PATHOGEN,R1C2PM_FRI,FRI,72,1,2,1,R1C2PM_185
0.06853292146151,PATHOGEN,R1C2PM_FRI,FRI,72,1,2,1,R1C2PM_269
0.07462427917523,PATHOGEN,R1C2PM_FRI,FRI,72,1,2,1,R1C2PM_244
0.073437910718529,PATHOGEN,R1C2PM_FRI,FRI,72,1,2,1,R1C2PM_197
-0.007012987140254,PATHOGEN,R1C2PM_FRI,FRI,72,1,2,1,R1C2PM_231
0.025242726252141,PATHOGEN,R1C2PM_FRI,FRI,72,1,2,1,R1C2PM_180
0.055346248149645,PATHOGEN,R1C2PM_MON,MON,144,1,2,1,R1C2PM_248
0.025645999549408,PATHOGEN,R1C2PM_MON,MON,144,1,2,1,R1C2PM_182
0.058540757780978,PATHOGEN,R1C2PM_MON,MON,144,1,2,1,R1C2PM_245
0.115024306967019,PATHOGEN,R1C2PM_MON,MON,144,1,2,1,R1C2PM_80
0.29970225083064,PATHOGEN,R1C2PM_MON,MON,144,1,2,1,R1C2PM_185
0.087284018405937,PATHOGEN,R1C2PM_MON,MON,144,1,2,1,R1C2PM_244
0.530530536975954,PATHOGEN,R1C2PM_MON,MON,144,1,2,1,R1C2PM_197
0.177342646135259,PATHOGEN,R1C2PM_MON,MON,144,1,2,1,R1C2PM_315
0.083543150644685,PATHOGEN,R1C2PM_MON,MON,144,1,2,1,R1C2PM_328
0.076392243276949,PATHOGEN,R1C2PM_MON,MON,144,1,2,1,R1C2PM_368
0.078076233372429,PATHOGEN,R1C2PM_MON,MON,144,1,2,1,R1C2PM_259
0.035728485241428,PATHOGEN,R1C2PM_MON,MON,144,1,2,1,R1C2PM_301
0.069441450639818,PATHOGEN,R1C2PM_MON,MON,144,1,2,1,R1C2PM_180
0.090305798804843,PATHOGEN,R1C2PM_MON,MON,144,1,2,1,R1C2PM_192
0.040146882435735,PATHOGEN,R1C2PM_MON,MON,144,1,2,1,R1C2PM_231
-0.001927097929269,PATHOGEN,R1C2PM_MON,MON,144,1,2,1,R1C2PM_269
0.078829160140138,PATHOGEN,R1C2PM_MON,MON,144,1,2,1,R1C2PM_350
0.025132695890023,PATHOGEN,R1C2PM_MON,MON,144,1,2,1,R1C2PM_320
0.05152470654844,PATHOGEN,R1C2PM_MON,MON,144,1,2,1,R1C2PM_338
0.266715472221616,PATHOGEN,R2C1PK_WED,WED,24,2,3,1,R2C1PK_66
0.183356717949085,PATHOGEN,R2C1PK_WED,WED,24,2,3,1,R2C1PK_57
0.289932856998293,PATHOGEN,R2C1PK_WED,WED,24,2,3,1,R2C1PK_23
0.092744699870912,PATHOGEN,R2C1PK_WED,WED,24,2,3,1,R2C1PK_71
0.157298017151763,PATHOGEN,R2C1PK_WED,WED,24,2,3,1,R2C1PK_53
0.170022398637823,PATHOGEN,R2C1PK_THU,THU,48,2,3,1,R2C1PK_131
0.072544993816184,PATHOGEN,R2C1PK_THU,THU,48,2,3,1,R2C1PK_92
0.097557002578808,PATHOGEN,R2C1PK_THU,THU,48,2,3,1,R2C1PK_23
0.099442701153796,PATHOGEN,R2C1PK_THU,THU,48,2,3,1,R2C1PK_57
0.07154766309468,PATHOGEN,R2C1PK_THU,THU,48,2,3,1,R2C1PK_53
0.115630232597668,PATHOGEN,R2C1PK_THU,THU,48,2,3,1,R2C1PK_66
0.103344348748145,PATHOGEN,R2C1PK_THU,THU,48,2,3,1,R2C1PK_71
0.061257280858276,PATHOGEN,R2C1PK_FRI,FRI,72,2,3,1,R2C1PK_92
0.031693408224126,PATHOGEN,R2C1PK_FRI,FRI,72,2,3,1,R2C1PK_107
0.052037672627304,PATHOGEN,R2C1PK_FRI,FRI,72,2,3,1,R2C1PK_53
0.20486884067453,PATHOGEN,R2C1PK_FRI,FRI,72,2,3,1,R2C1PK_136
0.397516118295628,PATHOGEN,R2C1PK_FRI,FRI,72,2,3,1,R2C1PK_149
0.168070399728165,PATHOGEN,R2C1PK_FRI,FRI,72,2,3,1,R2C1PK_57
0.032472727295425,PATHOGEN,R2C1PK_FRI,FRI,72,2,3,1,R2C1PK_66
0.005360084996019,PATHOGEN,R2C1PK_FRI,FRI,72,2,3,1,R2C1PK_71
0.090417774443107,PATHOGEN,R2C1PK_FRI,FRI,72,2,3,1,R2C1PK_131
0.442565219940651,PATHOGEN,R2C1PK_MON,MON,144,2,3,1,R2C1PK_158
0.27491705937765,PATHOGEN,R2C1PK_MON,MON,144,2,3,1,R2C1PK_149
0.081366871802324,PATHOGEN,R2C1PK_MON,MON,144,2,3,1,R2C1PK_136
0.060194867166487,PATHOGEN,R2C1PK_MON,MON,144,2,3,1,R2C1PK_53
0.1222084184197,PATHOGEN,R2C1PK_MON,MON,144,2,3,1,R2C1PK_57
0.142560150045067,PATHOGEN,R2C1PK_MON,MON,144,2,3,1,R2C1PK_131
0.1543043746398,SHAM,R2C2SM_TUE,TUE,0,2,4,1,R2C2SM_69
0.224844738010894,SHAM,R2C2SM_TUE,TUE,0,2,4,1,R2C2SM_95
0.042254917724031,SHAM,R2C2SM_TUE,TUE,0,2,4,1,R2C2SM_61
0.035137920009208,SHAM,R2C2SM_WED,WED,24,2,4,1,R2C2SM_61
0.136465864112345,SHAM,R2C2SM_WED,WED,24,2,4,1,R2C2SM_95
0.124267025983882,SHAM,R2C2SM_WED,WED,24,2,4,1,R2C2SM_162
0.04252581580694,SHAM,R2C2SM_WED,WED,24,2,4,1,R2C2SM_171
0.128060399969487,SHAM,R2C2SM_WED,WED,24,2,4,1,R2C2SM_194
0.022176533446578,SHAM,R2C2SM_WED,WED,24,2,4,1,R2C2SM_184
0.092283061339784,SHAM,R2C2SM_WED,WED,24,2,4,1,R2C2SM_64
0.07939051390355,SHAM,R2C2SM_WED,WED,24,2,4,1,R2C2SM_166
0.06995784900608,SHAM,R2C2SM_THU,THU,48,2,4,1,R2C2SM_162
0.131919522571714,SHAM,R2C2SM_THU,THU,48,2,4,1,R2C2SM_61
0.068532831795417,SHAM,R2C2SM_THU,THU,48,2,4,1,R2C2SM_184
0.046406506201672,SHAM,R2C2SM_THU,THU,48,2,4,1,R2C2SM_171
0.091991852488379,SHAM,R2C2SM_THU,THU,48,2,4,1,R2C2SM_95
0.124809804462975,SHAM,R2C2SM_THU,THU,48,2,4,1,R2C2SM_64
0.262797763941456,SHAM,R2C2SM_THU,THU,48,2,4,1,R2C2SM_194
0.145320131071036,SHAM,R2C2SM_FRI,FRI,72,2,4,1,R2C2SM_64
0.130345607919,SHAM,R2C2SM_FRI,FRI,72,2,4,1,R2C2SM_61
0.087260124025115,SHAM,R2C2SM_FRI,FRI,72,2,4,1,R2C2SM_184
0.194167763428806,SHAM,R2C2SM_FRI,FRI,72,2,4,1,R2C2SM_171
0.206186238716625,SHAM,R2C2SM_FRI,FRI,72,2,4,1,R2C2SM_194
0.101040341292778,SHAM,R2C2SM_FRI,FRI,72,2,4,1,R2C2SM_178
0.225090885761586,SHAM,R2C2SM_FRI,FRI,72,2,4,1,R2C2SM_162
0.316566867656977,SHAM,R2C2SM_FRI,FRI,72,2,4,1,R2C2SM_231
0.114718019871829,SHAM,R2C2SM_FRI,FRI,72,2,4,1,R2C2SM_319
0.113437551859396,SHAM,R2C2SM_MON,MON,144,2,4,1,R2C2SM_194
0.078193824593829,SHAM,R2C2SM_MON,MON,144,2,4,1,R2C2SM_162
0.189722434468358,SHAM,R2C2SM_MON,MON,144,2,4,1,R2C2SM_319
0.189904256351788,SHAM,R2C2SM_MON,MON,144,2,4,1,R2C2SM_239
0.036716545050601,SHAM,R2C2SM_MON,MON,144,2,4,1,R2C2SM_64
0.067119941146338,SHAM,R2C2SM_MON,MON,144,2,4,1,R2C2SM_178
0.079465708519659,SHAM,R2C2SM_MON,MON,144,2,4,1,R2C2SM_171
0.08968834670825,SHAM,R2C2SM_MON,MON,144,2,4,1,R2C2SM_61
0.144676909367,SHAM,R2C2SM_MON,MON,144,2,4,1,R2C2SM_437
0.114498565694945,SHAM,R2C2SM_MON,MON,144,2,4,1,R2C2SM_95
0.062333359198772,SHAM,R2C2SM_MON,MON,144,2,4,1,R2C2SM_455
0.049868558514086,SHAM,R2C2SM_MON,MON,144,2,4,1,R2C2SM_177
0.261408446964004,SHAM,R2C2SM_MON,MON,144,2,4,1,R2C2SM_231
0.375476795482414,SHAM,R3C1SK_THU,THU,48,3,5,2,R3C1SK_44
0.191963446070702,SHAM,R3C1SK_THU,THU,48,3,5,2,R3C1SK_62
0.253262831525469,SHAM,R3C1SK_FRI,FRI,72,3,5,2,R3C1SK_44
0.231526786405685,SHAM,R3C1SK_FRI,FRI,72,3,5,2,R3C1SK_97
0.188655593048569,SHAM,R3C1SK_FRI,FRI,72,3,5,2,R3C1SK_62
0.131534745839126,SHAM,R3C1SK_MON,MON,144,3,5,2,R3C1SK_44
0.15031496819226,SHAM,R3C1SK_MON,MON,144,3,5,2,R3C1SK_62
0.036892964804598,SHAM,R3C1SK_MON,MON,144,3,5,2,R3C1SK_148
0.015634772317361,SHAM,R3C1SK_MON,MON,144,3,5,2,R3C1SK_97
0.027202718537115,PATHOGEN,R3C2PM_TUE,TUE,0,3,6,2,R3C2PM_53
0.01857691208712,PATHOGEN,R3C2PM_TUE,TUE,0,3,6,2,R3C2PM_21
0.09853489599762,PATHOGEN,R3C2PM_WED,WED,24,3,6,2,R3C2PM_21
0.121535727655382,PATHOGEN,R3C2PM_WED,WED,24,3,6,2,R3C2PM_53
0.331361721410222,PATHOGEN,R3C2PM_THU,THU,48,3,6,2,R3C2PM_157
0.047059097398842,PATHOGEN,R3C2PM_THU,THU,48,3,6,2,R3C2PM_7
0.051412429070762,PATHOGEN,R3C2PM_THU,THU,48,3,6,2,R3C2PM_27
0.101748961153141,PATHOGEN,R3C2PM_THU,THU,48,3,6,2,R3C2PM_53
0.036588911599762,PATHOGEN,R3C2PM_THU,THU,48,3,6,2,R3C2PM_138
0.1144196922941,PATHOGEN,R3C2PM_THU,THU,48,3,6,2,R3C2PM_21
0.939392103442613,PATHOGEN,R3C2PM_THU,THU,48,3,6,2,R3C2PM_104
0.042193309044738,PATHOGEN,R3C2PM_FRI,FRI,72,3,6,2,R3C2PM_27
0.267726432349495,PATHOGEN,R3C2PM_FRI,FRI,72,3,6,2,R3C2PM_180
0.209279179639987,PATHOGEN,R3C2PM_FRI,FRI,72,3,6,2,R3C2PM_7
0.419922795830529,PATHOGEN,R3C2PM_FRI,FRI,72,3,6,2,R3C2PM_32
0.058771018182041,PATHOGEN,R3C2PM_FRI,FRI,72,3,6,2,R3C2PM_138
0.028475882677176,PATHOGEN,R3C2PM_FRI,FRI,72,3,6,2,R3C2PM_21
0.367558786300574,PATHOGEN,R3C2PM_FRI,FRI,72,3,6,2,R3C2PM_157
0.208987346910614,PATHOGEN,R3C2PM_FRI,FRI,72,3,6,2,R3C2PM_172
0.027729437703266,PATHOGEN,R3C2PM_MON,MON,144,3,6,2,R3C2PM_185
0.076409020350997,PATHOGEN,R3C2PM_MON,MON,144,3,6,2,R3C2PM_10
0.291603701568922,PATHOGEN,R3C2PM_MON,MON,144,3,6,2,R3C2PM_154
0.048651070709233,PATHOGEN,R3C2PM_MON,MON,144,3,6,2,R3C2PM_291
0.039812293447449,PATHOGEN,R3C2PM_MON,MON,144,3,6,2,R3C2PM_7
0.561591230675476,PATHOGEN,R3C2PM_MON,MON,144,3,6,2,R3C2PM_238
1,PATHOGEN,R3C2PM_MON,MON,144,3,6,2,R3C2PM_32
0.202118990494259,PATHOGEN,R3C2PM_MON,MON,144,3,6,2,R3C2PM_138
0.218622673545641,PATHOGEN,R3C2PM_MON,MON,144,3,6,2,R3C2PM_180
0.102098426703276,PATHOGEN,R3C2PM_MON,MON,144,3,6,2,R3C2PM_172
-0.006664828452961,PATHOGEN,R3C2PM_MON,MON,144,3,6,2,R3C2PM_133
0.148612166532976,PATHOGEN,R3C2PM_MON,MON,144,3,6,2,R3C2PM_157
0.165140458717654,PATHOGEN,R4C1PK_MON,MON,144,4,7,2,R4C1PK_68
0.365334907080053,PATHOGEN,R4C1PK_MON,MON,144,4,7,2,R4C1PK_121
0.012557197425598,SHAM,R4C2SM_FRI,FRI,72,4,8,2,R4C2SM_95
-0.029105837502794,SHAM,R4C2SM_MON,MON,144,4,8,2,R4C2SM_95
1,SHAM,R5C1SK_TUE,TUE,0,5,9,3,R5C1SK_10
-0.089538935256462,SHAM,R5C1SK_TUE,TUE,0,5,9,3,R5C1SK_7
0.061910765698798,SHAM,R5C1SK_WED,WED,24,5,9,3,R5C1SK_12
0.042942360888952,SHAM,R5C1SK_WED,WED,24,5,9,3,R5C1SK_10
0.220771155981254,SHAM,R5C1SK_WED,WED,24,5,9,3,R5C1SK_32
0.910238798667694,SHAM,R5C1SK_WED,WED,24,5,9,3,R5C1SK_21
1,SHAM,R5C1SK_WED,WED,24,5,9,3,R5C1SK_7
0.076995482483191,SHAM,R5C1SK_THU,THU,48,5,9,3,R5C1SK_12
0.161887029622048,SHAM,R5C1SK_THU,THU,48,5,9,3,R5C1SK_7
0.497280932892305,SHAM,R5C1SK_THU,THU,48,5,9,3,R5C1SK_23
0.398963715281364,SHAM,R5C1SK_THU,THU,48,5,9,3,R5C1SK_21
0.088520904211531,SHAM,R5C1SK_THU,THU,48,5,9,3,R5C1SK_32
0.154203415136489,SHAM,R5C1SK_THU,THU,48,5,9,3,R5C1SK_10
0.087157682286675,SHAM,R5C1SK_THU,THU,48,5,9,3,R5C1SK_46
0.018179523770951,SHAM,R5C1SK_FRI,FRI,72,5,9,3,R5C1SK_32
0.359348223021261,SHAM,R5C1SK_FRI,FRI,72,5,9,3,R5C1SK_21
0.102476179199715,SHAM,R5C1SK_FRI,FRI,72,5,9,3,R5C1SK_23
0.272200124747964,SHAM,R5C1SK_FRI,FRI,72,5,9,3,R5C1SK_7
0.148115835457314,SHAM,R5C1SK_FRI,FRI,72,5,9,3,R5C1SK_10
0.016749340994212,SHAM,R5C1SK_FRI,FRI,72,5,9,3,R5C1SK_12
0.170592139291701,SHAM,R5C1SK_FRI,FRI,72,5,9,3,R5C1SK_17
0.076326268625092,SHAM,R5C1SK_FRI,FRI,72,5,9,3,R5C1SK_46
0.257103386979221,SHAM,R5C1SK_MON,MON,144,5,9,3,R5C1SK_10
0.065603807314248,SHAM,R5C1SK_MON,MON,144,5,9,3,R5C1SK_32
0.493678361973251,SHAM,R5C1SK_MON,MON,144,5,9,3,R5C1SK_23
0.091237258078772,SHAM,R5C1SK_MON,MON,144,5,9,3,R5C1SK_46
0.078988448567761,SHAM,R5C1SK_MON,MON,144,5,9,3,R5C1SK_17
0.372079615174573,SHAM,R5C1SK_MON,MON,144,5,9,3,R5C1SK_21
0.025824088484162,SHAM,R5C1SK_MON,MON,144,5,9,3,R5C1SK_12
0.901872104255004,PATHOGEN,R5C2PM_WED,WED,24,5,10,3,R5C2PM_13
0.163663823447554,PATHOGEN,R5C2PM_WED,WED,24,5,10,3,R5C2PM_27
0.791073995413508,PATHOGEN,R5C2PM_THU,THU,48,5,10,3,R5C2PM_13
0.136913082190615,PATHOGEN,R5C2PM_THU,THU,48,5,10,3,R5C2PM_27
0.10425897137961,PATHOGEN,R5C2PM_THU,THU,48,5,10,3,R5C2PM_39
-0.012066176974502,PATHOGEN,R5C2PM_THU,THU,48,5,10,3,R5C2PM_29
0.066807734200407,PATHOGEN,R5C2PM_FRI,FRI,72,5,10,3,R5C2PM_86
0.348527618227613,PATHOGEN,R5C2PM_FRI,FRI,72,5,10,3,R5C2PM_13
0.025909350132328,PATHOGEN,R5C2PM_FRI,FRI,72,5,10,3,R5C2PM_29
0.110288567678934,PATHOGEN,R5C2PM_FRI,FRI,72,5,10,3,R5C2PM_27
0.266160429925865,PATHOGEN,R5C2PM_FRI,FRI,72,5,10,3,R5C2PM_39
0.405604232842889,PATHOGEN,R5C2PM_MON,MON,144,5,10,3,R5C2PM_27
0.21236246107003,PATHOGEN,R5C2PM_MON,MON,144,5,10,3,R5C2PM_29
0.219523353103951,PATHOGEN,R5C2PM_MON,MON,144,5,10,3,R5C2PM_39
0.082201736920579,PATHOGEN,R5C2PM_MON,MON,144,5,10,3,R5C2PM_13
0.038203584136762,PATHOGEN,R5C2PM_MON,MON,144,5,10,3,R5C2PM_88
0.042520781150922,PATHOGEN,R5C2PM_MON,MON,144,5,10,3,R5C2PM_86
0.056535176062757,PATHOGEN,R5C2PM_MON,MON,144,5,10,3,R5C2PM_117
0.278384955327977,PATHOGEN,R5C2PM_MON,MON,144,5,10,3,R5C2PM_114
0.092535621313345,PATHOGEN,R5C2PM_MON,MON,144,5,10,3,R5C2PM_100
0.05022892803502,PATHOGEN,R5C2PM_MON,MON,144,5,10,3,R5C2PM_141
-0.067986253767734,PATHOGEN,R6C1PK_TUE,TUE,0,6,11,3,R6C1PK_16
-0.055877303894685,PATHOGEN,R6C1PK_WED,WED,24,6,11,3,R6C1PK_16
-0.047436880920936,PATHOGEN,R6C1PK_THU,THU,48,6,11,3,R6C1PK_58
0.120877630543343,PATHOGEN,R6C1PK_THU,THU,48,6,11,3,R6C1PK_38
0.271903509976691,PATHOGEN,R6C1PK_THU,THU,48,6,11,3,R6C1PK_53
-0.08637493448451,PATHOGEN,R6C1PK_THU,THU,48,6,11,3,R6C1PK_16
0.348719136115945,PATHOGEN,R6C1PK_FRI,FRI,72,6,11,3,R6C1PK_67
0.035984799791101,PATHOGEN,R6C1PK_FRI,FRI,72,6,11,3,R6C1PK_38
0.097230031298855,PATHOGEN,R6C1PK_FRI,FRI,72,6,11,3,R6C1PK_53
-0.077103639066768,PATHOGEN,R6C1PK_FRI,FRI,72,6,11,3,R6C1PK_16
0.199965806446229,PATHOGEN,R6C1PK_MON,MON,144,6,11,3,R6C1PK_90
0.192471565907252,PATHOGEN,R6C1PK_MON,MON,144,6,11,3,R6C1PK_67
0.041925681347973,PATHOGEN,R6C1PK_MON,MON,144,6,11,3,R6C1PK_38
-0.093076366629982,PATHOGEN,R6C1PK_MON,MON,144,6,11,3,R6C1PK_91
0.096690425011277,PATHOGEN,R6C1PK_MON,MON,144,6,11,3,R6C1PK_96
-0.093076366629982,PATHOGEN,R6C1PK_MON,MON,144,6,11,3,R6C1PK_16
0.844430563256039,SHAM,R6C2SM_TUE,TUE,0,6,12,3,R6C2SM_6
0.610087881201717,SHAM,R6C2SM_WED,WED,24,6,12,3,R6C2SM_6
0.297096099421686,SHAM,R6C2SM_WED,WED,24,6,12,3,R6C2SM_8
0.704017512399942,SHAM,R6C2SM_THU,THU,48,6,12,3,R6C2SM_21
0.666830629106729,SHAM,R6C2SM_THU,THU,48,6,12,3,R6C2SM_38
0.04055928929421,SHAM,R6C2SM_THU,THU,48,6,12,3,R6C2SM_8
0.810400583169845,SHAM,R6C2SM_THU,THU,48,6,12,3,R6C2SM_6
0.606591055252862,SHAM,R6C2SM_FRI,FRI,72,6,12,3,R6C2SM_38
0.016281944517771,SHAM,R6C2SM_FRI,FRI,72,6,12,3,R6C2SM_8
0.678475554062367,SHAM,R6C2SM_FRI,FRI,72,6,12,3,R6C2SM_21
0.705867568683644,SHAM,R6C2SM_FRI,FRI,72,6,12,3,R6C2SM_6
0.777619450972208,SHAM,R6C2SM_MON,MON,144,6,12,3,R6C2SM_21
0.990986984228574,SHAM,R6C2SM_MON,MON,144,6,12,3,R6C2SM_38
-0.00785010223635,SHAM,R6C2SM_MON,MON,144,6,12,3,R6C2SM_8
1,SHAM,R6C2SM_MON,MON,144,6,12,3,R6C2SM_6
0.526911675041523,SHAM,R7C1SK_WED,WED,24,7,13,4,R7C1SK_5
0.158757857998862,SHAM,R7C1SK_WED,WED,24,7,13,4,R7C1SK_25
0.158757857998862,SHAM,R7C1SK_WED,WED,24,7,13,4,R7C1SK_1
0.142421630258811,SHAM,R7C1SK_WED,WED,24,7,13,4,R7C1SK_7
0.296148895122387,SHAM,R7C1SK_THU,THU,48,7,13,4,R7C1SK_1
0.76430086556927,SHAM,R7C1SK_THU,THU,48,7,13,4,R7C1SK_5
0.76175190527143,SHAM,R7C1SK_FRI,FRI,72,7,13,4,R7C1SK_26
0.232550840992148,SHAM,R7C1SK_FRI,FRI,72,7,13,4,R7C1SK_5
0.364417674163313,SHAM,R7C1SK_FRI,FRI,72,7,13,4,R7C1SK_42
0.124194030464344,SHAM,R7C1SK_FRI,FRI,72,7,13,4,R7C1SK_43
0.473388969422511,SHAM,R7C1SK_MON,MON,144,7,13,4,R7C1SK_26
0.600283801634751,SHAM,R7C1SK_MON,MON,144,7,13,4,R7C1SK_5
0.815686940935603,SHAM,R7C1SK_MON,MON,144,7,13,4,R7C1SK_43
0.459985586699626,SHAM,R7C1SK_MON,MON,144,7,13,4,R7C1SK_42
0.348266499295945,PATHOGEN,R7C2PM_WED,WED,24,7,14,4,R7C2PM_9
0.35279239904942,PATHOGEN,R7C2PM_THU,THU,48,7,14,4,R7C2PM_9
0.652887605188909,PATHOGEN,R7C2PM_FRI,FRI,72,7,14,4,R7C2PM_68
0.340899402350456,PATHOGEN,R7C2PM_MON,MON,144,7,14,4,R7C2PM_68
0.300462008057396,PATHOGEN,R8C1PL_THU,THU,48,8,15,4,R8C1PL_38
0.235415170750363,PATHOGEN,R8C1PL_FRI,FRI,72,8,15,4,R8C1PL_38
-0.040624167468011,PATHOGEN,R8C1PL_FRI,FRI,72,8,15,4,R8C1PL_7
0.141487608950422,PATHOGEN,R8C1PL_MON,MON,144,8,15,4,R8C1PL_25
0.267141330992372,PATHOGEN,R8C1PL_MON,MON,144,8,15,4,R8C1PL_38
-0.058657615353362,PATHOGEN,R8C1PL_MON,MON,144,8,15,4,R8C1PL_7
-0.027244505240136,SHAM,R8C2SL_TUE,TUE,0,8,16,4,R8C2SL_32
0.050312923910429,SHAM,R8C2SL_WED,WED,24,8,16,4,R8C2SL_22
0.048214131901094,SHAM,R8C2SL_WED,WED,24,8,16,4,R8C2SL_6
0.291312506057786,SHAM,R8C2SL_THU,THU,48,8,16,4,R8C2SL_9
0.587593933013064,SHAM,R8C2SL_THU,THU,48,8,16,4,R8C2SL_6
0.100040609983656,SHAM,R8C2SL_THU,THU,48,8,16,4,R8C2SL_112
0.168569196385948,SHAM,R8C2SL_FRI,FRI,72,8,16,4,R8C2SL_6
0.019370684232211,SHAM,R8C2SL_FRI,FRI,72,8,16,4,R8C2SL_118
0.108777561303951,SHAM,R8C2SL_FRI,FRI,72,8,16,4,R8C2SL_112
0.106399344620414,SHAM,R8C2SL_FRI,FRI,72,8,16,4,R8C2SL_133
0.185173280638709,SHAM,R8C2SL_MON,MON,144,8,16,4,R8C2SL_144
0.01404648048884,SHAM,R8C2SL_MON,MON,144,8,16,4,R8C2SL_118
0.085759798120656,SHAM,R8C2SL_MON,MON,144,8,16,4,R8C2SL_169
0.851727042965458,SHAM,R9C1SL_WED,WED,24,9,17,5,R9C1SL_11
0.240756216406573,SHAM,R9C1SL_THU,THU,48,9,17,5,R9C1SL_32
0.705994422986988,SHAM,R9C1SL_THU,THU,48,9,17,5,R9C1SL_11
0.224392503940278,SHAM,R9C1SL_THU,THU,48,9,17,5,R9C1SL_17
0.110782909528286,SHAM,R9C1SL_FRI,FRI,72,9,17,5,R9C1SL_37
0.551968005304118,SHAM,R9C1SL_FRI,FRI,72,9,17,5,R9C1SL_32
0.282490894176949,SHAM,R9C1SL_FRI,FRI,72,9,17,5,R9C1SL_23
0.062245161011677,SHAM,R9C1SL_MON,MON,144,9,17,5,R9C1SL_37
0.127402960417541,SHAM,R9C1SL_MON,MON,144,9,17,5,R9C1SL_23
0.248462361774524,SHAM,R9C1SL_MON,MON,144,9,17,5,R9C1SL_44
0.226014260860644,SHAM,R9C1SL_MON,MON,144,9,17,5,R9C1SL_48
0.694436158826524,SHAM,R9C1SL_MON,MON,144,9,17,5,R9C1SL_32
0.657534246575343,PATHOGEN,R9C2PL_TUE,TUE,0,9,18,5,R9C2PL_1
0.124606670862177,PATHOGEN,R9C2PL_WED,WED,24,9,18,5,R9C2PL_1
0.604426416943422,PATHOGEN,R9C2PL_THU,THU,48,9,18,5,R9C2PL_1
0.41532367833614,PATHOGEN,R9C2PL_THU,THU,48,9,18,5,R9C2PL_30
0.480404166893514,PATHOGEN,R9C2PL_THU,THU,48,9,18,5,R9C2PL_37
0.395257913986638,PATHOGEN,R9C2PL_FRI,FRI,72,9,18,5,R9C2PL_4
0.062782191953591,PATHOGEN,R9C2PL_FRI,FRI,72,9,18,5,R9C2PL_1
0.21683692773364,PATHOGEN,R9C2PL_FRI,FRI,72,9,18,5,R9C2PL_37
0.351645856980707,PATHOGEN,R9C2PL_FRI,FRI,72,9,18,5,R9C2PL_40
0.196361838486314,PATHOGEN,R9C2PL_MON,MON,144,9,18,5,R9C2PL_40
0.219362563193593,PATHOGEN,R9C2PL_MON,MON,144,9,18,5,R9C2PL_37
0.089875344527003,PATHOGEN,R9C2PL_MON,MON,144,9,18,5,R9C2PL_4
0.053136832883671,PATHOGEN,R9C2PL_MON,MON,144,9,18,5,R9C2PL_1
0.324133827697592,PATHOGEN,R10C1PL_WED,WED,24,10,19,6,R10C1PL_6
1,PATHOGEN,R10C1PL_WED,WED,24,10,19,6,R10C1PL_20
0.281772014743591,PATHOGEN,R10C1PL_WED,WED,24,10,19,6,R10C1PL_21
0.138353041036152,PATHOGEN,R10C1PL_WED,WED,24,10,19,6,R10C1PL_24
1,PATHOGEN,R10C1PL_THU,THU,48,10,19,6,R10C1PL_6
0.158389822815965,PATHOGEN,R10C1PL_THU,THU,48,10,19,6,R10C1PL_21
0.113138889604857,PATHOGEN,R10C1PL_THU,THU,48,10,19,6,R10C1PL_24
0.343900620721265,PATHOGEN,R10C1PL_THU,THU,48,10,19,6,R10C1PL_40
0.134883696783598,PATHOGEN,R10C1PL_FRI,FRI,72,10,19,6,R10C1PL_40
0.13571434133781,PATHOGEN,R10C1PL_FRI,FRI,72,10,19,6,R10C1PL_24
0.099359798014938,PATHOGEN,R10C1PL_FRI,FRI,72,10,19,6,R10C1PL_6
0.248668156635336,PATHOGEN,R10C1PL_FRI,FRI,72,10,19,6,R10C1PL_21
0.432697457621992,PATHOGEN,R10C1PL_FRI,FRI,72,10,19,6,R10C1PL_17
0.062697897609909,PATHOGEN,R10C1PL_MON,MON,144,10,19,6,R10C1PL_40
0.171146625703043,PATHOGEN,R10C1PL_MON,MON,144,10,19,6,R10C1PL_21
0.059595708708794,PATHOGEN,R10C1PL_MON,MON,144,10,19,6,R10C1PL_6
0.168986821899815,PATHOGEN,R10C1PL_MON,MON,144,10,19,6,R10C1PL_62
0.254920287509837,PATHOGEN,R10C1PL_MON,MON,144,10,19,6,R10C1PL_17
0.148894879787364,SHAM,R10C2SL_WED,WED,24,10,20,6,R10C2SL_35
0.164042860406869,SHAM,R10C2SL_WED,WED,24,10,20,6,R10C2SL_26
0.074979706828319,SHAM,R10C2SL_WED,WED,24,10,20,6,R10C2SL_30
0.103065034205472,SHAM,R10C2SL_WED,WED,24,10,20,6,R10C2SL_8
0.093710647344259,SHAM,R10C2SL_WED,WED,24,10,20,6,R10C2SL_33
0.243406588718437,SHAM,R10C2SL_THU,THU,48,10,20,6,R10C2SL_8
0.324379054667064,SHAM,R10C2SL_THU,THU,48,10,20,6,R10C2SL_26
0.028801823658063,SHAM,R10C2SL_THU,THU,48,10,20,6,R10C2SL_53
0.467270751893099,SHAM,R10C2SL_THU,THU,48,10,20,6,R10C2SL_33
0.102425761018887,SHAM,R10C2SL_THU,THU,48,10,20,6,R10C2SL_15
0.182039442436163,SHAM,R10C2SL_THU,THU,48,10,20,6,R10C2SL_30
0.078716357462021,SHAM,R10C2SL_THU,THU,48,10,20,6,R10C2SL_35
0.738138072652604,SHAM,R10C2SL_FRI,FRI,72,10,20,6,R10C2SL_26
0.08540951134858,SHAM,R10C2SL_FRI,FRI,72,10,20,6,R10C2SL_61
0.124988642352248,SHAM,R10C2SL_FRI,FRI,72,10,20,6,R10C2SL_63
0.917608731924796,SHAM,R10C2SL_FRI,FRI,72,10,20,6,R10C2SL_8
0.282323865598156,SHAM,R10C2SL_FRI,FRI,72,10,20,6,R10C2SL_35
0.037434807101729,SHAM,R10C2SL_FRI,FRI,72,10,20,6,R10C2SL_2
0.264819445494273,SHAM,R10C2SL_MON,MON,144,10,20,6,R10C2SL_35
0.295399958181308,SHAM,R10C2SL_MON,MON,144,10,20,6,R10C2SL_26
0.417472036380862,SHAM,R10C2SL_MON,MON,144,10,20,6,R10C2SL_61
0.316017048899121,SHAM,R10C2SL_MON,MON,144,10,20,6,R10C2SL_69
0.213426702228916,SHAM,R10C2SL_MON,MON,144,10,20,6,R10C2SL_2
0.47866209082506,SHAM,R10C2SL_MON,MON,144,10,20,6,R10C2SL_12
0.081760516341608,SHAM,R10C2SL_MON,MON,144,10,20,6,R10C2SL_8
